Pickup_date,locationID
2015-01-01 01:05:00,45.0
2015-01-01 01:30:00,141.0
2015-01-01 02:00:00,191.0
2015-01-01 05:45:00,143.0
2015-01-01 08:40:00,243.0
2015-01-01 09:04:00,216.0
2015-01-01 18:32:00,""
2015-01-01 19:01:00,203.0
2015-01-01 20:19:00,""
2015-01-01 22:46:00,134.0
2015-01-02 05:45:00,135.0
2015-01-02 08:30:00,181.0
2015-01-02 09:20:00,143.0
2015-01-02 10:45:00,263.0
2015-01-02 12:15:00,175.0
2015-01-02 14:15:00,175.0
2015-01-02 14:15:00,231.0
2015-01-02 14:40:00,""
2015-01-02 15:15:00,13.0
2015-01-02 16:15:00,231.0
2015-01-02 16:49:00,234.0
2015-01-02 17:00:00,265.0
2015-01-02 18:32:00,70.0
2015-01-02 18:45:00,138.0
2015-01-02 19:00:00,48.0
2015-01-02 19:54:00,146.0
2015-01-02 20:52:00,""
2015-01-02 20:58:00,265.0
2015-01-02 21:26:00,247.0
2015-01-02 21:33:00,65.0
2015-01-02 21:42:00,145.0
2015-01-02 22:30:00,""
2015-01-02 22:42:00,162.0
2015-01-02 23:12:00,162.0
2015-01-02 23:24:00,229.0
2015-01-02 23:59:00,132.0
2015-01-03 00:10:00,90.0
2015-01-03 01:21:00,132.0
2015-01-03 02:30:00,91.0
2015-01-03 04:50:00,13.0
2015-01-03 08:00:00,260.0
2015-01-03 09:30:00,97.0
2015-01-03 10:36:00,218.0
2015-01-03 12:50:00,""
2015-01-03 15:00:00,""
2015-01-03 16:00:00,161.0
2015-01-03 17:00:00,265.0
2015-01-03 17:07:00,161.0
2015-01-03 18:17:00,265.0
2015-01-03 18:25:00,138.0
2015-01-03 18:45:00,48.0
2015-01-03 18:50:00,132.0
2015-01-03 19:00:00,1.0
2015-01-03 19:00:00,""
2015-01-03 19:25:00,13.0
2015-01-03 20:06:00,231.0
2015-01-03 22:10:00,231.0
2015-01-04 06:15:00,""
2015-01-04 07:30:00,265.0
2015-01-04 09:15:00,90.0
2015-01-04 10:03:00,132.0
2015-01-04 10:15:00,""
2015-01-04 11:45:00,232.0
2015-01-04 13:45:00,236.0
2015-01-04 15:50:00,13.0
2015-01-04 18:00:00,265.0
2015-01-04 19:09:00,69.0
2015-01-04 20:06:00,""
2015-01-04 20:30:00,132.0
2015-01-04 21:39:00,138.0
2015-01-04 21:50:00,10.0
2015-01-04 23:00:00,132.0
2015-01-04 23:30:00,265.0
2015-01-05 04:15:00,265.0
2015-01-05 05:30:00,""
2015-01-05 05:45:00,121.0
2015-01-05 06:00:00,236.0
2015-01-05 06:20:00,231.0
2015-01-05 07:15:00,237.0
2015-01-05 07:30:00,194.0
2015-01-05 08:55:00,231.0
2015-01-05 09:10:00,236.0
2015-01-05 09:13:00,65.0
2015-01-05 10:00:00,1.0
2015-01-05 10:30:00,""
2015-01-05 10:47:00,237.0
2015-01-05 12:15:00,186.0
2015-01-05 13:55:00,161.0
2015-01-05 14:15:00,234.0
2015-01-05 14:30:00,""
2015-01-05 14:30:00,132.0
2015-01-05 15:30:00,140.0
2015-01-05 15:45:00,48.0
2015-01-05 15:45:00,237.0
2015-01-05 15:50:00,6.0
2015-01-05 16:00:00,13.0
2015-01-05 17:00:00,43.0
2015-01-05 17:22:00,33.0
2015-01-05 17:40:00,132.0
2015-01-05 18:30:00,161.0
2015-01-05 18:52:00,164.0
2015-01-05 18:53:00,1.0
2015-01-05 18:56:00,162.0
2015-01-05 19:30:00,231.0
2015-01-05 19:59:00,65.0
2015-01-05 20:00:00,69.0
2015-01-05 20:00:00,130.0
2015-01-05 20:30:00,265.0
2015-01-05 20:30:00,""
2015-01-05 20:59:00,""
2015-01-05 21:00:00,163.0
2015-01-05 21:00:00,163.0
2015-01-05 21:04:00,265.0
2015-01-05 21:08:00,145.0
2015-01-05 21:23:00,137.0
2015-01-05 21:33:00,132.0
2015-01-05 21:44:00,161.0
2015-01-05 21:50:00,65.0
2015-01-05 21:53:00,144.0
2015-01-05 21:56:00,""
2015-01-05 21:58:00,""
2015-01-05 21:59:00,87.0
2015-01-05 22:00:00,""
2015-01-05 22:08:00,""
2015-01-05 22:18:00,""
2015-01-05 22:25:00,161.0
2015-01-05 22:26:00,229.0
2015-01-05 22:30:00,161.0
2015-01-05 22:36:31,162.0
2015-01-05 22:45:00,161.0
2015-01-05 22:48:00,88.0
2015-01-05 22:49:00,""
2015-01-05 22:50:00,161.0
2015-01-05 22:56:00,65.0
2015-01-05 23:15:00,265.0
2015-01-05 23:15:00,162.0
2015-01-05 23:23:00,229.0
2015-01-05 23:24:00,192.0
2015-01-05 23:25:00,163.0
2015-01-05 23:26:00,""
2015-01-05 23:28:00,88.0
2015-01-05 23:30:00,""
2015-01-05 23:33:00,12.0
2015-01-05 23:41:00,229.0
2015-01-05 23:45:00,144.0
2015-01-06 00:00:00,129.0
2015-01-06 00:16:00,162.0
2015-01-06 00:20:00,265.0
2015-01-06 00:58:00,162.0
2015-01-06 04:30:00,234.0
2015-01-06 04:45:00,142.0
2015-01-06 04:55:00,188.0
2015-01-06 05:00:00,""
2015-01-06 05:00:00,250.0
2015-01-06 05:30:00,181.0
2015-01-06 05:30:00,68.0
2015-01-06 05:30:00,""
2015-01-06 05:40:00,48.0
2015-01-06 05:40:00,19.0
2015-01-06 05:45:00,""
2015-01-06 05:45:00,65.0
2015-01-06 06:00:00,79.0
2015-01-06 06:15:00,113.0
2015-01-06 07:00:00,13.0
2015-01-06 07:15:00,265.0
2015-01-06 07:15:00,141.0
2015-01-06 07:15:00,45.0
2015-01-06 07:25:00,265.0
2015-01-06 07:45:00,265.0
2015-01-06 08:00:00,237.0
2015-01-06 08:15:00,""
2015-01-06 08:30:00,28.0
2015-01-06 09:15:00,43.0
2015-01-06 09:30:00,234.0
2015-01-06 10:00:00,""
2015-01-06 11:00:00,99.0
2015-01-06 11:39:00,164.0
2015-01-06 11:45:00,161.0
2015-01-06 12:15:00,161.0
2015-01-06 12:15:00,87.0
2015-01-06 12:30:00,242.0
2015-01-06 13:00:00,75.0
2015-01-06 13:30:00,162.0
2015-01-06 13:40:00,170.0
2015-01-06 13:55:00,262.0
2015-01-06 14:30:00,236.0
2015-01-06 14:44:00,236.0
2015-01-06 15:00:00,162.0
2015-01-06 15:30:00,""
2015-01-06 15:30:00,252.0
2015-01-06 17:16:00,132.0
2015-01-06 17:21:00,132.0
2015-01-06 17:40:00,138.0
2015-01-06 17:45:00,229.0
2015-01-06 19:30:00,234.0
2015-01-06 20:00:00,""
2015-01-06 20:10:00,265.0
2015-01-06 20:10:00,65.0
2015-01-06 20:12:00,244.0
2015-01-06 20:15:00,70.0
2015-01-06 20:18:00,234.0
2015-01-06 20:43:00,163.0
2015-01-06 20:45:00,234.0
2015-01-06 21:00:00,246.0
2015-01-06 21:00:00,234.0
2015-01-06 21:00:00,163.0
2015-01-06 21:00:00,""
2015-01-06 21:00:00,161.0
2015-01-06 21:03:00,87.0
2015-01-06 21:05:00,87.0
2015-01-06 21:12:00,65.0
2015-01-06 21:15:00,246.0
2015-01-06 21:15:00,65.0
2015-01-06 21:15:00,161.0
2015-01-06 21:27:00,87.0
2015-01-06 21:32:00,""
2015-01-06 21:37:00,65.0
2015-01-06 21:38:00,""
2015-01-06 21:38:00,87.0
2015-01-06 21:39:00,87.0
2015-01-06 21:53:00,162.0
2015-01-06 21:55:00,138.0
2015-01-06 22:08:00,""
2015-01-06 22:25:00,132.0
2015-01-06 22:33:00,234.0
2015-01-06 22:36:00,""
2015-01-06 22:46:00,87.0
2015-01-06 22:46:00,229.0
2015-01-06 22:50:00,231.0
2015-01-06 22:54:00,229.0
2015-01-06 22:55:00,43.0
2015-01-06 23:01:00,""
2015-01-06 23:02:00,163.0
2015-01-06 23:02:00,119.0
2015-01-06 23:03:00,""
2015-01-06 23:20:00,65.0
2015-01-06 23:30:00,265.0
2015-01-06 23:31:00,161.0
2015-01-06 23:45:00,45.0
2015-01-07 00:25:00,""
2015-01-07 00:28:00,161.0
2015-01-07 00:37:00,162.0
2015-01-07 00:37:00,229.0
2015-01-07 00:39:00,""
2015-01-07 00:41:00,229.0
2015-01-07 00:48:00,""
2015-01-07 00:53:00,162.0
2015-01-07 02:45:00,162.0
2015-01-07 04:05:00,69.0
2015-01-07 04:30:00,90.0
2015-01-07 04:50:00,232.0
2015-01-07 05:00:00,113.0
2015-01-07 05:00:00,74.0
2015-01-07 05:00:00,""
2015-01-07 05:00:00,115.0
2015-01-07 05:03:00,216.0
2015-01-07 05:15:00,90.0
2015-01-07 05:30:00,141.0
2015-01-07 05:30:00,""
2015-01-07 05:30:00,119.0
2015-01-07 05:45:00,121.0
2015-01-07 05:45:00,229.0
2015-01-07 06:00:00,""
2015-01-07 06:05:00,""
2015-01-07 06:20:00,229.0
2015-01-07 06:30:00,140.0
2015-01-07 06:30:00,113.0
2015-01-07 07:00:00,145.0
2015-01-07 07:15:00,237.0
2015-01-07 07:15:00,141.0
2015-01-07 07:30:00,13.0
2015-01-07 07:30:00,265.0
2015-01-07 07:55:00,231.0
2015-01-07 08:05:00,138.0
2015-01-07 08:30:00,229.0
2015-01-07 09:30:00,236.0
2015-01-07 09:30:00,48.0
2015-01-07 09:45:00,189.0
2015-01-07 10:00:00,186.0
2015-01-07 10:28:00,265.0
2015-01-07 11:40:00,114.0
2015-01-07 12:00:00,65.0
2015-01-07 12:15:00,161.0
2015-01-07 13:00:00,236.0
2015-01-07 13:08:00,132.0
2015-01-07 13:15:00,161.0
2015-01-07 15:15:00,231.0
2015-01-07 15:15:00,""
2015-01-07 15:16:00,132.0
2015-01-07 15:50:00,6.0
2015-01-07 16:00:00,265.0
2015-01-07 16:15:00,161.0
2015-01-07 17:00:00,162.0
2015-01-07 17:46:00,138.0
2015-01-07 18:00:00,262.0
2015-01-07 18:50:00,100.0
2015-01-07 18:55:00,162.0
2015-01-07 19:20:00,87.0
2015-01-07 19:26:00,69.0
2015-01-07 19:45:00,""
2015-01-07 19:51:00,69.0
2015-01-07 20:00:00,52.0
2015-01-07 20:00:00,247.0
2015-01-07 20:00:00,69.0
2015-01-07 20:08:00,69.0
2015-01-07 20:19:00,229.0
2015-01-07 20:20:00,163.0
2015-01-07 20:42:00,87.0
2015-01-07 20:44:00,""
2015-01-07 20:52:00,163.0
2015-01-07 20:52:00,163.0
2015-01-07 20:53:00,163.0
2015-01-07 20:58:00,249.0
2015-01-07 21:00:00,100.0
2015-01-07 21:00:00,113.0
2015-01-07 21:00:00,88.0
2015-01-07 21:00:00,""
2015-01-07 21:00:00,163.0
2015-01-07 21:00:00,""
2015-01-07 21:00:00,191.0
2015-01-07 21:01:00,192.0
2015-01-07 21:13:00,161.0
2015-01-07 21:17:00,265.0
2015-01-07 21:18:00,247.0
2015-01-07 21:18:00,162.0
2015-01-07 21:19:00,65.0
2015-01-07 21:25:00,161.0
2015-01-07 21:30:00,65.0
2015-01-07 21:34:00,87.0
2015-01-07 21:38:00,88.0
2015-01-07 21:40:00,262.0
2015-01-07 21:45:00,230.0
2015-01-07 22:00:00,234.0
2015-01-07 22:03:00,""
2015-01-07 22:06:00,87.0
2015-01-07 22:07:00,69.0
2015-01-07 22:09:00,""
2015-01-07 22:12:00,88.0
2015-01-07 22:16:00,87.0
2015-01-07 22:20:00,""
2015-01-07 22:20:00,""
2015-01-07 22:22:00,88.0
2015-01-07 22:38:00,""
2015-01-07 22:42:59,69.0
2015-01-07 23:06:00,69.0
2015-01-07 23:10:00,260.0
2015-01-07 23:11:00,""
2015-01-07 23:20:00,132.0
2015-01-07 23:24:00,""
2015-01-07 23:26:00,161.0
2015-01-07 23:27:00,""
2015-01-07 23:28:00,161.0
2015-01-07 23:30:00,265.0
2015-01-07 23:45:00,148.0
2015-01-07 23:54:00,161.0
2015-01-07 23:57:00,162.0
2015-01-08 00:00:00,161.0
2015-01-08 00:28:00,230.0
2015-01-08 01:12:00,""
2015-01-08 01:27:00,231.0
2015-01-08 05:30:00,246.0
2015-01-08 05:40:00,87.0
2015-01-08 07:15:00,140.0
2015-01-08 07:30:00,239.0
2015-01-08 08:00:00,263.0
2015-01-08 08:10:00,236.0
2015-01-08 08:45:00,239.0
2015-01-08 09:00:00,13.0
2015-01-08 09:00:00,""
2015-01-08 09:01:00,""
2015-01-08 09:30:00,132.0
2015-01-08 10:00:00,236.0
2015-01-08 10:00:00,238.0
2015-01-08 10:50:00,132.0
2015-01-08 11:20:00,""
2015-01-08 12:00:00,265.0
2015-01-08 12:00:00,189.0
2015-01-08 12:30:00,""
2015-01-08 12:45:00,237.0
2015-01-08 13:00:00,114.0
2015-01-08 13:00:00,223.0
2015-01-08 13:10:00,237.0
2015-01-08 13:15:00,170.0
2015-01-08 13:30:00,97.0
2015-01-08 13:42:00,161.0
2015-01-08 13:45:00,237.0
2015-01-08 14:30:00,229.0
2015-01-08 14:44:00,140.0
2015-01-08 15:15:00,231.0
2015-01-08 15:50:00,161.0
2015-01-08 16:00:00,163.0
2015-01-08 16:00:00,230.0
2015-01-08 16:09:00,""
2015-01-08 16:45:00,68.0
2015-01-08 16:45:00,237.0
2015-01-08 16:45:00,161.0
2015-01-08 16:50:00,""
2015-01-08 17:00:00,262.0
2015-01-08 17:02:00,246.0
2015-01-08 17:10:00,138.0
2015-01-08 17:15:00,226.0
2015-01-08 17:30:00,""
2015-01-08 17:57:00,145.0
2015-01-08 18:00:00,237.0
2015-01-08 18:00:00,262.0
2015-01-08 19:15:00,185.0
2015-01-08 19:15:00,""
2015-01-08 19:15:00,185.0
2015-01-08 19:19:00,68.0
2015-01-08 19:20:00,261.0
2015-01-08 19:30:00,162.0
2015-01-08 19:30:00,""
2015-01-08 19:31:00,69.0
2015-01-08 19:44:00,231.0
2015-01-08 19:45:00,138.0
2015-01-08 19:54:00,234.0
2015-01-08 20:00:00,130.0
2015-01-08 20:00:00,130.0
2015-01-08 20:05:00,265.0
2015-01-08 20:06:00,90.0
2015-01-08 20:13:00,137.0
2015-01-08 20:15:00,137.0
2015-01-08 20:15:00,162.0
2015-01-08 20:17:00,265.0
2015-01-08 20:18:00,""
2015-01-08 21:00:00,152.0
2015-01-08 21:00:00,163.0
2015-01-08 21:00:00,162.0
2015-01-08 21:00:00,161.0
2015-01-08 21:05:00,1.0
2015-01-08 21:08:00,87.0
2015-01-08 21:08:00,87.0
2015-01-08 21:11:00,161.0
2015-01-08 21:12:00,87.0
2015-01-08 21:13:00,65.0
2015-01-08 21:14:00,234.0
2015-01-08 21:23:00,230.0
2015-01-08 21:26:00,161.0
2015-01-08 21:30:00,186.0
2015-01-08 21:36:00,""
2015-01-08 21:40:00,217.0
2015-01-08 21:41:00,""
2015-01-08 21:46:00,247.0
2015-01-08 22:00:00,""
2015-01-08 22:00:00,164.0
2015-01-08 22:00:00,161.0
2015-01-08 22:02:00,145.0
2015-01-08 22:05:00,""
2015-01-08 22:10:00,223.0
2015-01-08 22:10:00,87.0
2015-01-08 22:11:00,87.0
2015-01-08 22:28:00,""
2015-01-08 22:44:00,145.0
2015-01-08 22:46:00,""
2015-01-08 22:48:00,145.0
2015-01-08 22:48:00,""
2015-01-08 22:52:00,163.0
2015-01-08 22:52:00,69.0
2015-01-08 22:54:00,163.0
2015-01-08 22:55:00,208.0
2015-01-08 22:58:00,161.0
2015-01-08 23:07:00,65.0
2015-01-08 23:28:00,""
2015-01-08 23:30:00,265.0
2015-01-08 23:36:00,""
2015-01-08 23:45:00,148.0
2015-01-08 23:50:00,""
2015-01-08 23:51:00,87.0
2015-01-08 23:58:00,65.0
2015-01-09 00:15:00,87.0
2015-01-09 00:29:00,265.0
2015-01-09 00:52:00,162.0
2015-01-09 01:00:00,134.0
2015-01-09 01:00:00,134.0
2015-01-09 01:00:00,129.0
2015-01-09 01:22:00,""
2015-01-09 01:23:00,""
2015-01-09 01:27:00,""
2015-01-09 01:31:00,66.0
2015-01-09 01:32:00,161.0
2015-01-09 01:50:00,65.0
2015-01-09 04:00:00,257.0
2015-01-09 04:05:00,""
2015-01-09 04:10:00,13.0
2015-01-09 05:00:00,186.0
2015-01-09 05:09:00,""
2015-01-09 05:15:00,13.0
2015-01-09 05:30:00,231.0
2015-01-09 05:30:00,""
2015-01-09 05:30:00,""
2015-01-09 05:30:00,125.0
2015-01-09 05:30:00,""
2015-01-09 05:45:00,13.0
2015-01-09 05:45:00,97.0
2015-01-09 05:45:00,121.0
2015-01-09 06:00:00,170.0
2015-01-09 06:30:00,""
2015-01-09 07:15:00,141.0
2015-01-09 07:15:00,141.0
2015-01-09 07:15:00,32.0
2015-01-09 07:45:00,265.0
2015-01-09 08:00:00,261.0
2015-01-09 08:00:00,141.0
2015-01-09 08:55:00,236.0
2015-01-09 09:00:00,181.0
2015-01-09 10:30:00,205.0
2015-01-09 11:15:00,230.0
2015-01-09 13:15:00,""
2015-01-09 13:30:00,161.0
2015-01-09 14:00:00,1.0
2015-01-09 14:10:00,265.0
2015-01-09 14:40:00,138.0
2015-01-09 14:43:00,249.0
2015-01-09 15:00:00,138.0
2015-01-09 15:05:00,162.0
2015-01-09 15:10:00,138.0
2015-01-09 15:30:00,138.0
2015-01-09 15:30:00,138.0
2015-01-09 15:30:00,162.0
2015-01-09 15:40:00,20.0
2015-01-09 15:41:00,161.0
2015-01-09 16:00:00,265.0
2015-01-09 16:30:00,161.0
2015-01-09 16:30:00,151.0
2015-01-09 17:00:00,162.0
2015-01-09 17:16:00,""
2015-01-09 17:23:00,161.0
2015-01-09 17:30:00,118.0
2015-01-09 17:44:00,138.0
2015-01-09 17:50:00,1.0
2015-01-09 17:50:00,""
2015-01-09 18:22:00,""
2015-01-09 18:30:00,13.0
2015-01-09 18:40:00,138.0
2015-01-09 18:42:00,265.0
2015-01-09 19:12:00,138.0
2015-01-09 20:01:00,138.0
2015-01-09 20:05:00,132.0
2015-01-09 20:18:00,""
2015-01-09 21:01:00,""
2015-01-09 21:06:00,""
2015-01-09 21:10:00,132.0
2015-01-09 21:10:00,2.0
2015-01-09 21:19:00,65.0
2015-01-09 21:29:00,234.0
2015-01-09 21:29:00,234.0
2015-01-09 21:30:00,""
2015-01-09 21:30:00,90.0
2015-01-09 21:35:00,132.0
2015-01-09 21:43:00,145.0
2015-01-09 21:47:00,""
2015-01-09 22:06:00,63.0
2015-01-09 22:13:00,87.0
2015-01-09 22:25:00,138.0
2015-01-09 22:43:00,87.0
2015-01-09 22:43:00,87.0
2015-01-09 22:45:00,265.0
2015-01-09 22:49:00,""
2015-01-09 22:55:00,88.0
2015-01-09 22:57:00,88.0
2015-01-09 23:10:00,65.0
2015-01-09 23:14:00,125.0
2015-01-09 23:53:00,""
2015-01-09 23:59:00,140.0
2015-01-10 00:18:00,231.0
2015-01-10 00:43:00,""
2015-01-10 00:45:00,87.0
2015-01-10 00:57:00,261.0
2015-01-10 01:04:00,65.0
2015-01-10 01:09:00,""
2015-01-10 01:11:00,87.0
2015-01-10 01:12:00,209.0
2015-01-10 01:20:00,265.0
2015-01-10 02:02:00,170.0
2015-01-10 04:30:00,229.0
2015-01-10 05:32:00,""
2015-01-10 06:05:00,132.0
2015-01-10 07:10:00,138.0
2015-01-10 07:27:00,""
2015-01-10 08:41:00,""
2015-01-10 11:30:00,""
2015-01-10 12:00:00,262.0
2015-01-10 12:30:00,175.0
2015-01-10 13:30:00,13.0
2015-01-10 15:00:00,""
2015-01-10 16:00:00,194.0
2015-01-10 16:09:00,97.0
2015-01-10 16:18:00,236.0
2015-01-10 16:30:00,265.0
2015-01-10 17:10:00,""
2015-01-10 17:15:00,""
2015-01-10 17:45:00,113.0
2015-01-10 17:54:00,236.0
2015-01-10 18:00:00,80.0
2015-01-10 18:00:00,219.0
2015-01-10 18:30:00,""
2015-01-10 18:30:00,246.0
2015-01-10 18:34:00,231.0
2015-01-10 18:45:00,""
2015-01-10 19:00:00,236.0
2015-01-10 19:40:00,87.0
2015-01-10 19:41:00,87.0
2015-01-10 19:48:00,234.0
2015-01-10 20:00:00,265.0
2015-01-10 20:11:00,71.0
2015-01-10 20:30:00,186.0
2015-01-10 21:08:00,234.0
2015-01-10 21:50:00,231.0
2015-01-10 22:00:00,223.0
2015-01-10 22:05:00,1.0
2015-01-10 22:12:00,162.0
2015-01-10 22:24:00,262.0
2015-01-10 23:03:00,161.0
2015-01-11 00:15:00,237.0
2015-01-11 03:45:00,112.0
2015-01-11 05:30:00,114.0
2015-01-11 06:00:00,211.0
2015-01-11 06:15:00,""
2015-01-11 06:15:00,""
2015-01-11 07:15:00,265.0
2015-01-11 07:15:00,132.0
2015-01-11 08:05:00,132.0
2015-01-11 09:45:00,80.0
2015-01-11 10:00:00,65.0
2015-01-11 10:15:00,236.0
2015-01-11 10:53:00,216.0
2015-01-11 14:22:00,90.0
2015-01-11 14:50:00,260.0
2015-01-11 15:00:00,234.0
2015-01-11 15:10:00,265.0
2015-01-11 15:30:00,231.0
2015-01-11 15:45:00,234.0
2015-01-11 16:26:00,161.0
2015-01-11 16:34:00,""
2015-01-11 16:36:00,265.0
2015-01-11 17:00:00,""
2015-01-11 17:00:00,261.0
2015-01-11 17:34:00,""
2015-01-11 17:45:00,40.0
2015-01-11 18:00:00,76.0
2015-01-11 18:15:00,125.0
2015-01-11 19:04:00,""
2015-01-11 19:31:00,76.0
2015-01-11 19:45:00,226.0
2015-01-11 20:18:00,161.0
2015-01-11 21:12:00,234.0
2015-01-11 21:22:00,161.0
2015-01-11 21:51:00,19.0
2015-01-11 21:54:00,1.0
2015-01-11 22:02:00,161.0
2015-01-11 22:15:00,69.0
2015-01-11 22:31:00,""
2015-01-11 22:41:00,234.0
2015-01-11 22:50:00,140.0
2015-01-11 22:52:00,""
2015-01-11 22:58:00,87.0
2015-01-11 23:00:00,138.0
2015-01-11 23:30:00,""
2015-01-11 23:30:00,265.0
2015-01-12 02:43:00,87.0
2015-01-12 04:15:00,13.0
2015-01-12 05:00:00,231.0
2015-01-12 05:02:00,""
2015-01-12 05:15:00,""
2015-01-12 05:15:00,142.0
2015-01-12 05:15:00,""
2015-01-12 05:15:00,144.0
2015-01-12 05:16:00,""
2015-01-12 05:30:00,""
2015-01-12 05:40:00,133.0
2015-01-12 05:40:00,28.0
2015-01-12 06:25:00,132.0
2015-01-12 06:30:00,65.0
2015-01-12 07:06:00,265.0
2015-01-12 07:15:00,237.0
2015-01-12 07:15:00,3.0
2015-01-12 07:15:00,265.0
2015-01-12 07:15:00,237.0
2015-01-12 07:30:00,209.0
2015-01-12 10:00:00,""
2015-01-12 11:00:00,1.0
2015-01-12 11:10:00,237.0
2015-01-12 11:15:00,208.0
2015-01-12 11:45:00,233.0
2015-01-12 12:00:00,265.0
2015-01-12 12:00:00,164.0
2015-01-12 12:40:00,65.0
2015-01-12 13:03:00,164.0
2015-01-12 13:30:00,163.0
2015-01-12 13:52:00,95.0
2015-01-12 14:00:00,234.0
2015-01-12 14:02:00,87.0
2015-01-12 14:15:00,""
2015-01-12 15:00:00,87.0
2015-01-12 15:15:00,""
2015-01-12 15:15:00,161.0
2015-01-12 15:30:00,162.0
2015-01-12 15:45:00,171.0
2015-01-12 16:30:00,138.0
2015-01-12 16:40:00,""
2015-01-12 16:45:00,132.0
2015-01-12 16:50:00,132.0
2015-01-12 17:00:00,""
2015-01-12 17:00:00,144.0
2015-01-12 17:40:00,161.0
2015-01-12 18:00:00,90.0
2015-01-12 18:30:00,""
2015-01-12 18:45:00,229.0
2015-01-12 19:00:00,13.0
2015-01-12 19:16:00,""
2015-01-12 19:26:00,237.0
2015-01-12 19:31:00,69.0
2015-01-12 19:41:00,""
2015-01-12 19:49:00,""
2015-01-12 20:00:00,65.0
2015-01-12 20:00:00,""
2015-01-12 20:00:00,69.0
2015-01-12 20:05:00,1.0
2015-01-12 20:06:00,130.0
2015-01-12 20:15:00,""
2015-01-12 20:30:00,96.0
2015-01-12 20:36:00,145.0
2015-01-12 20:43:00,163.0
2015-01-12 20:47:00,87.0
2015-01-12 20:53:00,162.0
2015-01-12 21:00:00,""
2015-01-12 21:00:00,163.0
2015-01-12 21:00:00,163.0
2015-01-12 21:00:00,""
2015-01-12 21:00:00,163.0
2015-01-12 21:00:00,95.0
2015-01-12 21:00:00,65.0
2015-01-12 21:08:00,236.0
2015-01-12 21:19:00,229.0
2015-01-12 21:24:00,43.0
2015-01-12 21:30:00,""
2015-01-12 21:35:00,65.0
2015-01-12 21:43:00,48.0
2015-01-12 21:54:00,159.0
2015-01-12 21:58:00,87.0
2015-01-12 22:00:00,87.0
2015-01-12 22:12:00,""
2015-01-12 22:15:00,88.0
2015-01-12 22:28:00,87.0
2015-01-12 22:34:00,161.0
2015-01-12 22:40:00,162.0
2015-01-12 22:57:00,87.0
2015-01-12 23:06:00,87.0
2015-01-12 23:09:00,87.0
2015-01-12 23:17:00,54.0
2015-01-12 23:18:00,163.0
2015-01-12 23:30:00,265.0
2015-01-12 23:34:00,1.0
2015-01-12 23:36:00,""
2015-01-12 23:45:00,""
2015-01-12 23:45:00,132.0
2015-01-12 23:50:00,162.0
2015-01-12 23:52:00,161.0
2015-01-13 00:07:00,163.0
2015-01-13 00:08:00,163.0
2015-01-13 00:09:00,""
2015-01-13 00:22:00,""
2015-01-13 00:46:00,162.0
2015-01-13 01:09:00,162.0
2015-01-13 03:45:00,""
2015-01-13 04:45:00,61.0
2015-01-13 04:45:00,231.0
2015-01-13 05:00:00,""
2015-01-13 05:04:00,""
2015-01-13 05:16:00,231.0
2015-01-13 05:20:00,265.0
2015-01-13 05:30:00,265.0
2015-01-13 05:30:00,""
2015-01-13 05:31:00,""
2015-01-13 05:40:00,28.0
2015-01-13 05:50:00,170.0
2015-01-13 06:20:00,""
2015-01-13 06:30:00,209.0
2015-01-13 06:30:00,""
2015-01-13 06:35:00,68.0
2015-01-13 07:15:00,141.0
2015-01-13 07:15:00,""
2015-01-13 07:30:00,134.0
2015-01-13 07:53:00,132.0
2015-01-13 07:54:00,132.0
2015-01-13 08:10:00,236.0
2015-01-13 09:00:00,138.0
2015-01-13 09:00:00,""
2015-01-13 09:30:00,265.0
2015-01-13 09:45:00,236.0
2015-01-13 10:00:00,95.0
2015-01-13 10:30:00,237.0
2015-01-13 11:00:00,70.0
2015-01-13 11:10:00,""
2015-01-13 11:12:00,224.0
2015-01-13 11:15:00,64.0
2015-01-13 11:15:00,237.0
2015-01-13 11:30:00,138.0
2015-01-13 11:30:00,239.0
2015-01-13 11:49:00,145.0
2015-01-13 12:00:00,75.0
2015-01-13 12:15:00,100.0
2015-01-13 12:15:00,158.0
2015-01-13 12:47:00,145.0
2015-01-13 14:00:00,65.0
2015-01-13 14:00:00,229.0
2015-01-13 14:15:00,""
2015-01-13 14:30:00,90.0
2015-01-13 15:13:00,145.0
2015-01-13 15:15:00,161.0
2015-01-13 15:30:00,75.0
2015-01-13 15:50:00,162.0
2015-01-13 16:00:00,138.0
2015-01-13 16:17:00,237.0
2015-01-13 16:30:00,13.0
2015-01-13 16:57:00,1.0
2015-01-13 17:15:00,1.0
2015-01-13 17:25:00,132.0
2015-01-13 18:00:00,87.0
2015-01-13 18:30:00,262.0
2015-01-13 18:35:00,132.0
2015-01-13 18:55:00,265.0
2015-01-13 19:16:00,""
2015-01-13 19:46:00,""
2015-01-13 20:01:00,69.0
2015-01-13 20:15:00,229.0
2015-01-13 20:18:00,230.0
2015-01-13 20:23:00,69.0
2015-01-13 20:30:00,231.0
2015-01-13 20:30:00,13.0
2015-01-13 20:37:00,161.0
2015-01-13 20:42:00,""
2015-01-13 20:47:00,""
2015-01-13 20:51:00,69.0
2015-01-13 20:52:00,164.0
2015-01-13 20:53:00,163.0
2015-01-13 20:57:00,161.0
2015-01-13 21:00:00,""
2015-01-13 21:00:00,163.0
2015-01-13 21:01:00,100.0
2015-01-13 21:05:00,162.0
2015-01-13 21:06:00,65.0
2015-01-13 21:15:00,186.0
2015-01-13 21:18:00,""
2015-01-13 21:28:00,63.0
2015-01-13 21:30:00,65.0
2015-01-13 21:35:00,138.0
2015-01-13 21:37:00,""
2015-01-13 21:46:00,162.0
2015-01-13 21:47:00,234.0
2015-01-13 21:48:00,144.0
2015-01-13 21:52:00,""
2015-01-13 21:53:00,87.0
2015-01-13 21:55:00,164.0
2015-01-13 22:01:00,163.0
2015-01-13 22:09:00,107.0
2015-01-13 22:12:00,51.0
2015-01-13 22:13:00,""
2015-01-13 22:13:00,""
2015-01-13 22:21:00,12.0
2015-01-13 22:23:00,69.0
2015-01-13 22:25:00,87.0
2015-01-13 22:26:00,265.0
2015-01-13 22:50:00,65.0
2015-01-13 22:53:00,65.0
2015-01-13 22:57:00,87.0
2015-01-13 22:58:00,""
2015-01-13 22:59:00,88.0
2015-01-13 23:02:00,65.0
2015-01-13 23:02:00,65.0
2015-01-13 23:14:00,88.0
2015-01-13 23:18:00,232.0
2015-01-13 23:24:00,87.0
2015-01-13 23:35:00,162.0
2015-01-13 23:41:00,88.0
2015-01-13 23:45:00,148.0
2015-01-13 23:52:00,162.0
2015-01-14 00:02:00,162.0
2015-01-14 00:38:00,163.0
2015-01-14 01:19:00,132.0
2015-01-14 03:45:00,""
2015-01-14 03:57:00,87.0
2015-01-14 03:57:00,87.0
2015-01-14 03:58:00,261.0
2015-01-14 03:59:00,87.0
2015-01-14 04:06:00,87.0
2015-01-14 04:06:00,87.0
2015-01-14 04:15:00,249.0
2015-01-14 04:30:00,233.0
2015-01-14 05:00:00,""
2015-01-14 05:03:00,""
2015-01-14 05:30:00,""
2015-01-14 05:35:00,121.0
2015-01-14 05:45:00,214.0
2015-01-14 06:00:00,265.0
2015-01-14 06:00:00,79.0
2015-01-14 06:00:00,265.0
2015-01-14 06:00:00,""
2015-01-14 06:30:00,114.0
2015-01-14 06:30:00,79.0
2015-01-14 06:30:00,125.0
2015-01-14 06:45:00,229.0
2015-01-14 07:00:00,132.0
2015-01-14 07:15:00,141.0
2015-01-14 07:15:00,236.0
2015-01-14 07:15:00,""
2015-01-14 07:30:00,13.0
2015-01-14 08:15:00,231.0
2015-01-14 08:40:00,226.0
2015-01-14 08:45:00,236.0
2015-01-14 10:30:00,48.0
2015-01-14 10:30:00,""
2015-01-14 10:45:00,158.0
2015-01-14 11:05:00,88.0
2015-01-14 12:30:00,162.0
2015-01-14 12:55:00,107.0
2015-01-14 13:30:00,""
2015-01-14 13:50:00,141.0
2015-01-14 14:05:00,138.0
2015-01-14 14:15:00,138.0
2015-01-14 14:15:00,265.0
2015-01-14 14:15:00,237.0
2015-01-14 14:30:00,1.0
2015-01-14 14:45:00,121.0
2015-01-14 15:15:00,265.0
2015-01-14 15:30:00,90.0
2015-01-14 15:40:00,161.0
2015-01-14 15:50:00,161.0
2015-01-14 16:00:00,265.0
2015-01-14 16:00:00,145.0
2015-01-14 16:00:00,138.0
2015-01-14 16:00:00,265.0
2015-01-14 16:15:00,43.0
2015-01-14 16:30:00,88.0
2015-01-14 16:45:00,162.0
2015-01-14 16:45:00,1.0
2015-01-14 16:45:00,66.0
2015-01-14 16:57:00,""
2015-01-14 17:00:00,162.0
2015-01-14 17:00:00,88.0
2015-01-14 17:00:00,229.0
2015-01-14 17:15:00,265.0
2015-01-14 18:15:00,246.0
2015-01-14 18:30:00,162.0
2015-01-14 18:50:00,138.0
2015-01-14 19:30:00,161.0
2015-01-14 19:55:00,100.0
2015-01-14 20:00:00,69.0
2015-01-14 20:00:00,69.0
2015-01-14 20:00:00,69.0
2015-01-14 20:00:00,265.0
2015-01-14 20:03:00,162.0
2015-01-14 20:05:00,247.0
2015-01-14 20:06:00,138.0
2015-01-14 20:20:00,138.0
2015-01-14 20:20:00,90.0
2015-01-14 20:22:00,234.0
2015-01-14 20:23:00,162.0
2015-01-14 20:30:00,161.0
2015-01-14 20:35:00,161.0
2015-01-14 20:38:00,237.0
2015-01-14 20:43:00,229.0
2015-01-14 20:55:00,""
2015-01-14 21:00:00,163.0
2015-01-14 21:00:00,161.0
2015-01-14 21:00:00,107.0
2015-01-14 21:00:00,226.0
2015-01-14 21:05:00,87.0
2015-01-14 21:10:00,87.0
2015-01-14 21:13:00,265.0
2015-01-14 21:13:00,236.0
2015-01-14 21:13:00,""
2015-01-14 21:14:00,236.0
2015-01-14 21:15:00,69.0
2015-01-14 21:15:00,145.0
2015-01-14 21:20:00,145.0
2015-01-14 21:21:00,231.0
2015-01-14 21:30:00,""
2015-01-14 21:30:00,""
2015-01-14 21:32:00,161.0
2015-01-14 21:33:00,249.0
2015-01-14 21:37:00,""
2015-01-14 21:45:00,90.0
2015-01-14 21:45:00,186.0
2015-01-14 21:48:00,63.0
2015-01-14 21:53:00,265.0
2015-01-14 21:54:00,88.0
2015-01-14 22:00:00,""
2015-01-14 22:08:00,162.0
2015-01-14 23:36:00,162.0
2015-01-14 23:45:00,148.0
2015-01-14 23:54:00,162.0
2015-01-15 00:04:00,162.0
2015-01-15 00:16:00,65.0
2015-01-15 00:20:00,65.0
2015-01-15 00:21:00,162.0
2015-01-15 03:07:00,87.0
2015-01-15 04:30:00,""
2015-01-15 04:45:00,158.0
2015-01-15 04:45:00,265.0
2015-01-15 04:57:00,216.0
2015-01-15 05:00:00,142.0
2015-01-15 05:10:00,""
2015-01-15 05:15:00,""
2015-01-15 05:15:00,214.0
2015-01-15 05:25:00,14.0
2015-01-15 05:30:00,33.0
2015-01-15 05:30:00,""
2015-01-15 05:35:00,121.0
2015-01-15 05:50:00,152.0
2015-01-15 06:15:00,13.0
2015-01-15 06:15:00,249.0
2015-01-15 06:15:00,231.0
2015-01-15 06:30:00,161.0
2015-01-15 06:30:00,""
2015-01-15 06:30:00,14.0
2015-01-15 06:45:00,113.0
2015-01-15 06:50:00,249.0
2015-01-15 07:00:00,97.0
2015-01-15 07:00:00,48.0
2015-01-15 07:00:00,13.0
2015-01-15 07:00:00,""
2015-01-15 07:05:00,238.0
2015-01-15 07:15:00,237.0
2015-01-15 07:15:00,141.0
2015-01-15 08:10:00,163.0
2015-01-15 08:31:00,162.0
2015-01-15 08:45:00,186.0
2015-01-15 08:55:00,138.0
2015-01-15 11:12:00,133.0
2015-01-15 11:55:00,132.0
2015-01-15 12:03:00,162.0
2015-01-15 12:15:00,132.0
2015-01-15 12:30:00,33.0
2015-01-15 12:45:00,1.0
2015-01-15 12:45:00,129.0
2015-01-15 13:15:00,161.0
2015-01-15 13:30:00,234.0
2015-01-15 13:40:00,132.0
2015-01-15 15:00:00,229.0
2015-01-15 15:28:00,107.0
2015-01-15 15:30:00,65.0
2015-01-15 15:30:00,97.0
2015-01-15 15:41:00,161.0
2015-01-15 16:00:00,88.0
2015-01-15 16:10:00,132.0
2015-01-15 16:15:00,229.0
2015-01-15 16:30:00,114.0
2015-01-15 16:43:00,138.0
2015-01-15 16:45:00,138.0
2015-01-15 16:45:00,""
2015-01-15 17:10:00,162.0
2015-01-15 17:38:00,161.0
2015-01-15 17:40:00,1.0
2015-01-15 17:50:00,161.0
2015-01-15 17:51:00,161.0
2015-01-15 18:30:00,138.0
2015-01-15 18:30:00,161.0
2015-01-15 18:33:00,162.0
2015-01-15 19:00:00,138.0
2015-01-15 19:00:00,186.0
2015-01-15 19:11:00,""
2015-01-15 19:24:00,100.0
2015-01-15 19:30:00,20.0
2015-01-15 19:32:00,237.0
2015-01-15 19:35:00,""
2015-01-15 19:36:00,159.0
2015-01-15 19:40:00,129.0
2015-01-15 19:44:00,48.0
2015-01-15 20:00:00,144.0
2015-01-15 20:00:00,125.0
2015-01-15 20:00:00,69.0
2015-01-15 20:00:00,69.0
2015-01-15 20:00:00,69.0
2015-01-15 20:10:00,""
2015-01-15 20:27:00,161.0
2015-01-15 20:45:00,117.0
2015-01-15 20:50:00,""
2015-01-15 20:50:00,163.0
2015-01-15 20:55:00,138.0
2015-01-15 20:56:00,""
2015-01-15 21:00:00,""
2015-01-15 21:05:00,161.0
2015-01-15 21:08:00,161.0
2015-01-15 21:10:00,132.0
2015-01-15 21:12:00,145.0
2015-01-15 21:25:00,""
2015-01-15 21:27:00,163.0
2015-01-15 21:30:00,138.0
2015-01-15 21:39:00,87.0
2015-01-15 21:42:00,12.0
2015-01-15 21:49:00,87.0
2015-01-15 22:00:00,161.0
2015-01-15 22:00:00,""
2015-01-15 22:00:00,71.0
2015-01-15 22:18:00,145.0
2015-01-15 22:29:00,163.0
2015-01-15 22:34:00,100.0
2015-01-15 22:35:00,163.0
2015-01-15 22:44:00,""
2015-01-15 23:11:00,87.0
2015-01-15 23:14:00,162.0
2015-01-15 23:15:00,""
2015-01-15 23:25:00,57.0
2015-01-15 23:26:00,""
2015-01-15 23:26:00,162.0
2015-01-15 23:44:00,162.0
2015-01-15 23:45:00,45.0
2015-01-16 00:19:00,""
2015-01-16 00:30:00,132.0
2015-01-16 00:30:00,132.0
2015-01-16 01:00:00,134.0
2015-01-16 01:00:00,134.0
2015-01-16 02:15:00,257.0
2015-01-16 04:20:00,""
2015-01-16 04:25:00,210.0
2015-01-16 04:42:00,""
2015-01-16 04:45:00,265.0
2015-01-16 04:50:00,""
2015-01-16 05:00:00,13.0
2015-01-16 05:00:00,""
2015-01-16 05:15:00,14.0
2015-01-16 05:25:00,132.0
2015-01-16 05:29:00,13.0
2015-01-16 05:30:00,""
2015-01-16 05:45:00,28.0
2015-01-16 06:05:00,132.0
2015-01-16 06:30:00,263.0
2015-01-16 06:40:00,236.0
2015-01-16 07:00:00,265.0
2015-01-16 07:10:00,13.0
2015-01-16 07:15:00,237.0
2015-01-16 08:15:00,48.0
2015-01-16 08:30:00,232.0
2015-01-16 08:33:00,265.0
2015-01-16 08:45:00,100.0
2015-01-16 09:15:00,95.0
2015-01-16 09:30:00,181.0
2015-01-16 10:30:00,164.0
2015-01-16 10:53:00,265.0
2015-01-16 11:15:00,43.0
2015-01-16 11:50:00,132.0
2015-01-16 12:00:00,113.0
2015-01-16 12:59:00,129.0
2015-01-16 13:24:00,""
2015-01-16 13:58:00,43.0
2015-01-16 14:00:00,265.0
2015-01-16 14:15:00,233.0
2015-01-16 14:15:00,151.0
2015-01-16 14:30:00,13.0
2015-01-16 14:50:00,""
2015-01-16 15:00:00,161.0
2015-01-16 15:10:00,132.0
2015-01-16 15:45:00,97.0
2015-01-16 15:54:00,138.0
2015-01-16 16:00:00,161.0
2015-01-16 16:02:00,236.0
2015-01-16 16:15:00,132.0
2015-01-16 16:35:00,138.0
2015-01-16 17:00:00,161.0
2015-01-16 17:03:00,87.0
2015-01-16 17:25:00,132.0
2015-01-16 17:35:00,138.0
2015-01-16 17:40:00,""
2015-01-16 18:02:00,234.0
2015-01-16 18:05:00,161.0
2015-01-16 18:40:00,145.0
2015-01-16 19:09:00,132.0
2015-01-16 19:36:00,69.0
2015-01-16 19:51:00,69.0
2015-01-16 20:00:00,237.0
2015-01-16 20:00:00,69.0
2015-01-16 20:17:00,53.0
2015-01-16 21:05:00,""
2015-01-16 21:10:00,95.0
2015-01-16 21:15:00,265.0
2015-01-16 21:52:00,87.0
2015-01-16 22:05:00,80.0
2015-01-16 22:08:00,162.0
2015-01-16 22:58:00,162.0
2015-01-16 23:15:00,65.0
2015-01-16 23:20:00,132.0
2015-01-16 23:20:00,260.0
2015-01-16 23:20:00,162.0
2015-01-17 01:55:00,68.0
2015-01-17 01:58:00,265.0
2015-01-17 04:30:00,258.0
2015-01-17 04:30:00,97.0
2015-01-17 05:00:00,144.0
2015-01-17 06:00:00,265.0
2015-01-17 06:00:00,""
2015-01-17 06:30:00,13.0
2015-01-17 06:45:00,229.0
2015-01-17 08:30:00,265.0
2015-01-17 09:15:00,97.0
2015-01-17 09:25:00,""
2015-01-17 10:00:00,181.0
2015-01-17 11:15:00,111.0
2015-01-17 11:16:00,189.0
2015-01-17 13:45:00,""
2015-01-17 14:30:00,231.0
2015-01-17 16:30:00,237.0
2015-01-17 18:20:00,243.0
2015-01-17 21:15:00,138.0
2015-01-18 04:45:00,209.0
2015-01-18 05:30:00,""
2015-01-18 06:30:00,""
2015-01-18 09:00:00,95.0
2015-01-18 09:30:00,239.0
2015-01-18 11:47:00,""
2015-01-18 12:45:00,140.0
2015-01-18 14:00:00,265.0
2015-01-18 14:00:00,236.0
2015-01-18 15:15:00,""
2015-01-18 16:30:00,""
2015-01-18 17:30:00,238.0
2015-01-18 18:40:00,132.0
2015-01-18 18:45:00,114.0
2015-01-18 19:54:00,132.0
2015-01-18 20:10:00,132.0
2015-01-18 23:00:00,223.0
2015-01-19 01:45:00,""
2015-01-19 01:50:00,231.0
2015-01-19 04:00:00,229.0
2015-01-19 07:45:00,132.0
2015-01-19 08:30:00,239.0
2015-01-19 09:30:00,161.0
2015-01-19 10:15:00,261.0
2015-01-19 10:30:00,238.0
2015-01-19 11:50:00,161.0
2015-01-19 12:30:00,19.0
2015-01-19 13:00:00,138.0
2015-01-19 13:00:00,170.0
2015-01-19 13:30:00,265.0
2015-01-19 13:30:00,132.0
2015-01-19 13:30:00,231.0
2015-01-19 13:45:00,132.0
2015-01-19 14:00:00,13.0
2015-01-19 14:00:00,265.0
2015-01-19 14:15:00,249.0
2015-01-19 14:20:00,192.0
2015-01-19 14:52:00,87.0
2015-01-19 15:02:00,""
2015-01-19 15:10:00,142.0
2015-01-19 17:42:00,13.0
2015-01-19 18:00:00,265.0
2015-01-19 18:00:00,144.0
2015-01-19 18:35:00,13.0
2015-01-19 18:47:00,""
2015-01-19 19:55:00,""
2015-01-19 19:55:00,138.0
2015-01-19 20:05:00,65.0
2015-01-19 20:34:00,""
2015-01-19 21:00:00,236.0
2015-01-19 22:30:00,13.0
2015-01-19 23:30:00,265.0
2015-01-19 23:38:00,230.0
2015-01-19 23:59:00,162.0
2015-01-20 04:15:00,227.0
2015-01-20 04:30:00,6.0
2015-01-20 04:40:00,265.0
2015-01-20 04:45:00,135.0
2015-01-20 04:45:00,141.0
2015-01-20 04:45:00,""
2015-01-20 04:55:00,265.0
2015-01-20 05:00:00,197.0
2015-01-20 05:02:00,76.0
2015-01-20 05:10:00,263.0
2015-01-20 05:15:00,265.0
2015-01-20 05:15:00,""
2015-01-20 05:20:00,121.0
2015-01-20 05:30:00,265.0
2015-01-20 05:30:00,265.0
2015-01-20 05:30:00,""
2015-01-20 05:45:00,265.0
2015-01-20 05:45:00,265.0
2015-01-20 05:45:00,265.0
2015-01-20 06:00:00,231.0
2015-01-20 06:00:00,238.0
2015-01-20 06:15:00,""
2015-01-20 06:30:00,224.0
2015-01-20 06:30:00,""
2015-01-20 06:30:00,249.0
2015-01-20 06:45:00,13.0
2015-01-20 06:45:00,236.0
2015-01-20 07:00:00,265.0
2015-01-20 07:00:00,237.0
2015-01-20 07:10:00,196.0
2015-01-20 07:15:00,33.0
2015-01-20 07:15:00,237.0
2015-01-20 07:30:00,""
2015-01-20 08:00:00,196.0
2015-01-20 08:20:00,13.0
2015-01-20 08:30:00,230.0
2015-01-20 09:00:00,236.0
2015-01-20 09:30:00,1.0
2015-01-20 09:45:00,261.0
2015-01-20 10:30:00,237.0
2015-01-20 11:30:00,141.0
2015-01-20 13:00:00,236.0
2015-01-20 13:30:00,1.0
2015-01-20 13:45:00,163.0
2015-01-20 13:45:00,233.0
2015-01-20 13:50:00,265.0
2015-01-20 14:00:00,265.0
2015-01-20 14:15:00,13.0
2015-01-20 14:25:00,234.0
2015-01-20 15:30:00,237.0
2015-01-20 15:55:00,189.0
2015-01-20 17:00:00,164.0
2015-01-20 17:15:00,138.0
2015-01-20 17:46:00,161.0
2015-01-20 18:14:00,151.0
2015-01-20 18:43:00,""
2015-01-20 18:44:00,16.0
2015-01-20 18:45:00,113.0
2015-01-20 19:01:00,48.0
2015-01-20 19:39:00,69.0
2015-01-20 20:00:00,""
2015-01-20 20:00:00,261.0
2015-01-20 20:10:00,69.0
2015-01-20 20:15:00,234.0
2015-01-20 20:16:00,87.0
2015-01-20 20:25:00,48.0
2015-01-20 20:30:00,13.0
2015-01-20 20:34:00,""
2015-01-20 20:41:00,""
2015-01-20 20:45:00,145.0
2015-01-20 20:47:00,88.0
2015-01-20 21:00:00,161.0
2015-01-20 21:13:00,97.0
2015-01-20 21:25:00,1.0
2015-01-20 21:27:00,265.0
2015-01-20 21:36:00,69.0
2015-01-20 21:43:00,87.0
2015-01-20 22:00:00,226.0
2015-01-20 22:03:00,231.0
2015-01-20 22:20:00,148.0
2015-01-20 22:24:00,162.0
2015-01-20 22:30:00,65.0
2015-01-20 22:30:00,217.0
2015-01-20 22:32:00,88.0
2015-01-20 22:40:00,113.0
2015-01-20 22:46:00,87.0
2015-01-20 23:07:00,87.0
2015-01-20 23:30:00,265.0
2015-01-20 23:43:00,125.0
2015-01-20 23:52:00,162.0
2015-01-20 23:54:00,132.0
2015-01-21 00:00:00,""
2015-01-21 00:01:00,162.0
2015-01-21 00:04:00,""
2015-01-21 00:33:00,162.0
2015-01-21 00:34:00,""
2015-01-21 01:05:00,1.0
2015-01-21 01:39:00,265.0
2015-01-21 04:30:00,87.0
2015-01-21 04:30:00,""
2015-01-21 04:45:00,50.0
2015-01-21 04:45:00,""
2015-01-21 05:07:00,189.0
2015-01-21 05:10:00,231.0
2015-01-21 05:30:00,""
2015-01-21 05:30:00,158.0
2015-01-21 05:35:00,121.0
2015-01-21 05:45:00,74.0
2015-01-21 06:00:00,261.0
2015-01-21 06:00:00,66.0
2015-01-21 06:10:00,""
2015-01-21 06:30:00,148.0
2015-01-21 06:30:00,249.0
2015-01-21 06:30:00,249.0
2015-01-21 06:40:00,""
2015-01-21 06:45:00,132.0
2015-01-21 06:45:00,132.0
2015-01-21 06:45:00,""
2015-01-21 07:15:00,141.0
2015-01-21 07:45:00,65.0
2015-01-21 07:50:00,228.0
2015-01-21 08:30:00,229.0
2015-01-21 08:45:00,146.0
2015-01-21 09:30:00,43.0
2015-01-21 11:00:00,50.0
2015-01-21 12:08:00,141.0
2015-01-21 12:30:00,75.0
2015-01-21 13:56:00,141.0
2015-01-21 14:15:00,256.0
2015-01-21 14:15:00,230.0
2015-01-21 15:30:00,""
2015-01-21 15:30:00,68.0
2015-01-21 16:06:00,138.0
2015-01-21 16:08:00,145.0
2015-01-21 16:12:00,138.0
2015-01-21 16:35:00,161.0
2015-01-21 17:00:00,186.0
2015-01-21 17:04:00,170.0
2015-01-21 17:45:00,162.0
2015-01-21 18:05:00,138.0
2015-01-21 18:15:00,""
2015-01-21 18:23:00,61.0
2015-01-21 18:36:00,93.0
2015-01-21 18:45:00,265.0
2015-01-21 18:45:00,141.0
2015-01-21 19:04:00,""
2015-01-21 19:34:00,132.0
2015-01-21 19:48:00,""
2015-01-21 19:50:00,138.0
2015-01-21 19:50:00,162.0
2015-01-21 20:00:00,164.0
2015-01-21 20:00:00,69.0
2015-01-21 20:28:00,69.0
2015-01-21 20:29:00,229.0
2015-01-21 20:45:00,""
2015-01-21 20:53:00,69.0
2015-01-21 20:54:00,87.0
2015-01-21 21:00:00,""
2015-01-21 21:00:00,87.0
2015-01-21 21:00:00,""
2015-01-21 21:09:00,145.0
2015-01-21 21:09:00,162.0
2015-01-21 21:16:00,""
2015-01-21 21:18:00,100.0
2015-01-21 21:25:00,87.0
2015-01-21 21:30:00,87.0
2015-01-21 21:41:00,""
2015-01-21 21:44:00,145.0
2015-01-21 21:53:00,87.0
2015-01-21 21:57:00,161.0
2015-01-21 22:00:00,234.0
2015-01-21 22:00:00,87.0
2015-01-21 22:00:00,265.0
2015-01-21 22:18:00,65.0
2015-01-21 22:27:00,87.0
2015-01-21 22:41:00,87.0
2015-01-21 22:47:00,87.0
2015-01-21 22:55:00,65.0
2015-01-21 22:58:00,87.0
2015-01-21 23:00:00,65.0
2015-01-21 23:30:00,265.0
2015-01-21 23:35:00,""
2015-01-21 23:40:00,1.0
2015-01-21 23:45:00,""
2015-01-21 23:47:00,""
2015-01-21 23:48:00,107.0
2015-01-21 23:59:00,261.0
2015-01-22 00:05:00,65.0
2015-01-22 00:08:00,48.0
2015-01-22 00:46:00,162.0
2015-01-22 01:00:00,132.0
2015-01-22 01:28:00,162.0
2015-01-22 02:24:00,13.0
2015-01-22 04:30:00,1.0
2015-01-22 05:07:00,190.0
2015-01-22 05:10:00,231.0
2015-01-22 05:11:00,69.0
2015-01-22 05:15:00,90.0
2015-01-22 05:15:00,249.0
2015-01-22 05:30:00,""
2015-01-22 05:45:00,231.0
2015-01-22 05:45:00,121.0
2015-01-22 05:45:00,""
2015-01-22 05:50:00,152.0
2015-01-22 05:50:00,179.0
2015-01-22 07:00:00,239.0
2015-01-22 07:15:00,263.0
2015-01-22 07:40:00,243.0
2015-01-22 07:50:00,236.0
2015-01-22 08:00:00,114.0
2015-01-22 08:00:00,132.0
2015-01-22 08:40:00,1.0
2015-01-22 08:58:00,181.0
2015-01-22 09:00:00,142.0
2015-01-22 09:05:00,235.0
2015-01-22 09:15:00,265.0
2015-01-22 09:30:00,90.0
2015-01-22 09:30:00,""
2015-01-22 09:30:00,231.0
2015-01-22 10:00:00,265.0
2015-01-22 11:30:00,100.0
2015-01-22 12:00:00,164.0
2015-01-22 12:30:00,113.0
2015-01-22 12:30:00,138.0
2015-01-22 12:45:00,186.0
2015-01-22 13:00:00,41.0
2015-01-22 13:49:00,97.0
2015-01-22 13:55:00,170.0
2015-01-22 14:00:00,260.0
2015-01-22 14:15:00,13.0
2015-01-22 15:00:00,158.0
2015-01-22 15:00:00,162.0
2015-01-22 15:24:00,244.0
2015-01-22 15:30:00,230.0
2015-01-22 15:30:00,48.0
2015-01-22 15:50:00,161.0
2015-01-22 15:51:00,""
2015-01-22 16:00:00,231.0
2015-01-22 16:00:00,""
2015-01-22 16:00:00,148.0
2015-01-22 16:15:00,162.0
2015-01-22 16:30:00,95.0
2015-01-22 16:57:00,162.0
2015-01-22 17:00:00,161.0
2015-01-22 17:00:00,226.0
2015-01-22 17:00:00,13.0
2015-01-22 17:15:00,234.0
2015-01-22 17:30:00,145.0
2015-01-22 17:45:00,161.0
2015-01-22 17:48:00,162.0
2015-01-22 17:50:00,1.0
2015-01-22 18:10:00,138.0
2015-01-22 18:30:00,132.0
2015-01-22 18:56:00,138.0
2015-01-22 18:59:00,100.0
2015-01-22 19:05:00,138.0
2015-01-22 19:32:00,119.0
2015-01-22 19:45:00,261.0
2015-01-22 20:00:00,144.0
2015-01-22 20:00:00,69.0
2015-01-22 20:00:00,69.0
2015-01-22 20:15:00,86.0
2015-01-22 20:23:57,69.0
2015-01-22 20:25:00,161.0
2015-01-22 20:27:00,""
2015-01-22 20:30:00,130.0
2015-01-22 20:30:00,69.0
2015-01-22 20:37:00,88.0
2015-01-22 20:42:00,87.0
2015-01-22 20:54:00,""
2015-01-22 21:00:00,161.0
2015-01-22 21:00:00,87.0
2015-01-22 21:04:00,63.0
2015-01-22 21:30:00,130.0
2015-01-22 21:30:00,130.0
2015-01-22 21:30:00,130.0
2015-01-22 21:30:00,130.0
2015-01-22 21:35:00,138.0
2015-01-22 21:36:00,121.0
2015-01-22 21:48:00,87.0
2015-01-22 22:00:00,""
2015-01-22 22:10:00,88.0
2015-01-22 22:11:00,87.0
2015-01-22 22:13:00,87.0
2015-01-22 22:14:00,145.0
2015-01-22 22:14:00,161.0
2015-01-22 22:19:00,""
2015-01-22 22:25:00,""
2015-01-22 22:30:00,163.0
2015-01-22 22:44:00,69.0
2015-01-22 22:45:00,""
2015-01-22 22:55:00,132.0
2015-01-22 22:56:00,87.0
2015-01-22 22:59:00,162.0
2015-01-22 23:01:00,90.0
2015-01-22 23:13:00,162.0
2015-01-22 23:30:00,1.0
2015-01-22 23:30:00,265.0
2015-01-22 23:30:00,65.0
2015-01-22 23:39:00,""
2015-01-22 23:40:00,132.0
2015-01-22 23:45:00,161.0
2015-01-22 23:48:00,162.0
2015-01-22 23:53:00,186.0
2015-01-22 23:55:00,132.0
2015-01-22 23:59:00,239.0
2015-01-23 00:12:00,161.0
2015-01-23 00:30:00,158.0
2015-01-23 00:50:00,""
2015-01-23 00:51:00,229.0
2015-01-23 01:00:00,134.0
2015-01-23 04:40:00,141.0
2015-01-23 04:50:00,""
2015-01-23 05:10:00,232.0
2015-01-23 05:30:00,101.0
2015-01-23 05:45:00,135.0
2015-01-23 06:00:00,""
2015-01-23 06:03:00,265.0
2015-01-23 06:15:00,""
2015-01-23 07:15:00,237.0
2015-01-23 07:15:00,141.0
2015-01-23 07:20:00,236.0
2015-01-23 07:30:00,265.0
2015-01-23 08:00:00,239.0
2015-01-23 08:30:00,262.0
2015-01-23 09:15:00,13.0
2015-01-23 09:16:00,139.0
2015-01-23 09:45:00,246.0
2015-01-23 09:45:00,181.0
2015-01-23 10:45:00,232.0
2015-01-23 11:00:00,265.0
2015-01-23 11:30:00,205.0
2015-01-23 12:30:00,230.0
2015-01-23 12:30:00,162.0
2015-01-23 12:50:00,138.0
2015-01-23 13:20:00,""
2015-01-23 13:39:00,143.0
2015-01-23 14:10:00,13.0
2015-01-23 14:16:00,250.0
2015-01-23 14:30:00,162.0
2015-01-23 14:30:00,265.0
2015-01-23 14:45:00,161.0
2015-01-23 14:55:00,132.0
2015-01-23 15:30:00,162.0
2015-01-23 15:46:00,138.0
2015-01-23 16:00:00,162.0
2015-01-23 16:45:00,138.0
2015-01-23 17:00:00,138.0
2015-01-23 17:20:00,138.0
2015-01-23 17:30:00,""
2015-01-23 17:30:00,161.0
2015-01-23 17:45:00,162.0
2015-01-23 17:45:00,""
2015-01-23 18:00:00,261.0
2015-01-23 18:30:00,138.0
2015-01-23 18:35:00,87.0
2015-01-23 19:33:00,69.0
2015-01-23 20:00:00,132.0
2015-01-23 20:00:00,69.0
2015-01-23 20:25:00,161.0
2015-01-23 20:30:00,132.0
2015-01-23 20:45:00,164.0
2015-01-23 20:52:00,170.0
2015-01-23 20:54:00,""
2015-01-23 21:50:00,230.0
2015-01-23 21:50:00,145.0
2015-01-23 22:44:00,163.0
2015-01-23 22:45:00,1.0
2015-01-23 22:45:00,164.0
2015-01-23 23:06:00,100.0
2015-01-23 23:08:00,""
2015-01-23 23:09:00,100.0
2015-01-23 23:30:00,""
2015-01-23 23:33:00,""
2015-01-23 23:50:00,92.0
2015-01-24 00:00:00,143.0
2015-01-24 00:43:00,164.0
2015-01-24 01:17:00,163.0
2015-01-24 01:19:00,163.0
2015-01-24 02:12:00,231.0
2015-01-24 04:35:00,""
2015-01-24 05:00:00,75.0
2015-01-24 05:30:00,74.0
2015-01-24 06:15:00,""
2015-01-24 06:48:00,162.0
2015-01-24 09:00:00,181.0
2015-01-24 09:04:00,219.0
2015-01-24 10:30:00,181.0
2015-01-24 11:30:00,13.0
2015-01-24 12:20:00,1.0
2015-01-24 14:35:00,13.0
2015-01-24 14:45:00,""
2015-01-24 14:45:00,265.0
2015-01-24 15:50:00,52.0
2015-01-24 16:00:00,""
2015-01-24 16:55:00,132.0
2015-01-24 17:30:00,""
2015-01-24 17:45:00,68.0
2015-01-24 18:00:00,97.0
2015-01-24 18:04:00,""
2015-01-24 19:30:00,""
2015-01-24 19:30:00,""
2015-01-24 20:54:00,""
2015-01-25 00:09:00,""
2015-01-25 00:15:00,249.0
2015-01-25 00:15:00,158.0
2015-01-25 06:15:00,265.0
2015-01-25 09:00:00,""
2015-01-25 09:45:00,265.0
2015-01-25 10:00:00,236.0
2015-01-25 11:15:00,236.0
2015-01-25 11:19:00,""
2015-01-25 11:45:00,230.0
2015-01-25 13:00:00,152.0
2015-01-25 13:30:00,265.0
2015-01-25 14:30:00,148.0
2015-01-25 14:48:00,87.0
2015-01-25 15:30:00,""
2015-01-25 15:40:00,265.0
2015-01-25 16:00:00,95.0
2015-01-25 16:50:00,164.0
2015-01-25 17:15:00,265.0
2015-01-25 19:00:00,""
2015-01-25 19:00:00,""
2015-01-25 19:20:00,132.0
2015-01-25 20:46:00,""
2015-01-25 23:05:00,138.0
2015-01-25 23:30:00,""
2015-01-25 23:35:00,""
2015-01-26 00:54:00,69.0
2015-01-26 04:30:00,""
2015-01-26 04:30:00,""
2015-01-26 04:30:00,13.0
2015-01-26 04:45:00,158.0
2015-01-26 05:00:00,265.0
2015-01-26 05:00:00,151.0
2015-01-26 05:10:00,""
2015-01-26 05:20:00,""
2015-01-26 05:30:00,101.0
2015-01-26 05:30:00,265.0
2015-01-26 05:35:00,13.0
2015-01-26 05:40:00,4.0
2015-01-26 06:00:00,""
2015-01-26 06:00:00,236.0
2015-01-26 06:00:00,132.0
2015-01-26 06:15:00,""
2015-01-26 06:30:00,142.0
2015-01-26 07:15:00,141.0
2015-01-26 07:30:00,262.0
2015-01-26 07:30:00,236.0
2015-01-26 07:47:00,6.0
2015-01-26 08:00:00,""
2015-01-26 08:00:00,97.0
2015-01-26 08:00:00,""
2015-01-26 08:00:00,141.0
2015-01-26 09:00:00,236.0
2015-01-26 09:40:00,239.0
2015-01-26 11:00:00,237.0
2015-01-26 11:18:00,265.0
2015-01-26 11:45:00,229.0
2015-01-26 12:00:00,161.0
2015-01-26 12:19:00,""
2015-01-26 12:30:00,48.0
2015-01-26 12:30:00,261.0
2015-01-26 13:34:00,265.0
2015-01-26 14:45:00,231.0
2015-01-26 14:48:00,145.0
2015-01-26 16:51:00,""
2015-01-26 17:50:00,""
2015-01-26 19:24:00,""
2015-01-27 08:16:00,62.0
2015-01-27 16:30:00,""
2015-01-27 16:30:00,""
2015-01-27 20:00:00,""
2015-01-27 20:15:00,65.0
2015-01-27 20:32:00,""
2015-01-27 21:00:00,162.0
2015-01-27 21:00:00,186.0
2015-01-27 21:08:00,""
2015-01-27 22:15:00,239.0
2015-01-27 22:20:00,13.0
2015-01-27 22:54:00,""
2015-01-27 23:06:00,7.0
2015-01-27 23:30:00,265.0
2015-01-27 23:39:00,162.0
2015-01-27 23:45:00,""
2015-01-27 23:45:00,162.0
2015-01-27 23:51:00,162.0
2015-01-28 00:16:00,""
2015-01-28 00:37:00,""
2015-01-28 04:45:00,52.0
2015-01-28 04:57:00,""
2015-01-28 05:30:00,""
2015-01-28 05:35:00,28.0
2015-01-28 05:50:00,193.0
2015-01-28 06:00:00,""
2015-01-28 06:15:00,231.0
2015-01-28 06:30:00,142.0
2015-01-28 06:30:00,114.0
2015-01-28 06:56:00,9.0
2015-01-28 07:00:00,13.0
2015-01-28 07:00:00,164.0
2015-01-28 07:15:00,236.0
2015-01-28 07:30:00,142.0
2015-01-28 08:05:00,68.0
2015-01-28 09:30:00,145.0
2015-01-28 09:45:00,236.0
2015-01-28 10:50:00,138.0
2015-01-28 11:00:00,237.0
2015-01-28 11:00:00,237.0
2015-01-28 12:09:00,1.0
2015-01-28 13:00:00,231.0
2015-01-28 13:15:00,231.0
2015-01-28 13:27:00,""
2015-01-28 13:28:00,162.0
2015-01-28 14:00:00,234.0
2015-01-28 14:06:00,""
2015-01-28 14:15:00,""
2015-01-28 14:30:00,232.0
2015-01-28 14:34:00,132.0
2015-01-28 14:39:00,138.0
2015-01-28 14:39:00,138.0
2015-01-28 15:00:00,265.0
2015-01-28 15:00:00,141.0
2015-01-28 15:41:00,1.0
2015-01-28 15:50:00,161.0
2015-01-28 15:50:00,""
2015-01-28 16:00:00,""
2015-01-28 16:45:00,226.0
2015-01-28 17:00:00,""
2015-01-28 17:15:00,""
2015-01-28 18:32:00,265.0
2015-01-28 18:40:00,1.0
2015-01-28 19:10:00,1.0
2015-01-28 19:13:00,48.0
2015-01-28 19:30:00,130.0
2015-01-28 19:30:00,""
2015-01-28 19:33:00,69.0
2015-01-28 19:43:00,88.0
2015-01-28 19:54:00,229.0
2015-01-28 20:00:00,""
2015-01-28 20:00:00,""
2015-01-28 20:00:00,234.0
2015-01-28 20:00:00,69.0
2015-01-28 20:00:00,69.0
2015-01-28 20:06:00,""
2015-01-28 20:08:00,161.0
2015-01-28 20:10:00,13.0
2015-01-28 20:26:00,230.0
2015-01-28 20:30:00,132.0
2015-01-28 20:30:00,233.0
2015-01-28 20:30:00,230.0
2015-01-28 21:02:00,162.0
2015-01-28 21:12:00,""
2015-01-28 21:23:00,""
2015-01-28 21:30:00,186.0
2015-01-28 21:30:00,170.0
2015-01-28 21:31:00,""
2015-01-28 21:32:00,164.0
2015-01-28 21:33:00,87.0
2015-01-28 21:35:00,132.0
2015-01-28 21:37:00,65.0
2015-01-28 21:53:00,""
2015-01-28 21:53:00,162.0
2015-01-28 22:15:00,65.0
2015-01-28 22:18:00,161.0
2015-01-28 22:30:00,163.0
2015-01-28 22:32:00,""
2015-01-28 22:41:00,229.0
2015-01-28 22:46:00,161.0
2015-01-28 22:48:00,65.0
2015-01-28 22:53:00,162.0
2015-01-28 23:02:00,88.0
2015-01-28 23:05:00,162.0
2015-01-28 23:10:00,""
2015-01-28 23:27:00,65.0
2015-01-28 23:32:00,87.0
2015-01-28 23:33:00,87.0
2015-01-28 23:35:00,65.0
2015-01-28 23:45:00,""
2015-01-28 23:48:00,""
2015-01-28 23:52:00,""
2015-01-29 00:02:00,""
2015-01-29 00:12:00,161.0
2015-01-29 02:09:00,""
2015-01-29 02:22:00,161.0
2015-01-29 02:26:00,100.0
2015-01-29 03:07:00,""
2015-01-29 03:52:00,161.0
2015-01-29 04:00:00,48.0
2015-01-29 04:00:00,""
2015-01-29 04:10:00,236.0
2015-01-29 04:30:00,66.0
2015-01-29 04:43:00,48.0
2015-01-29 05:15:00,""
2015-01-29 05:28:00,""
2015-01-29 05:30:00,""
2015-01-29 05:40:00,121.0
2015-01-29 05:45:00,164.0
2015-01-29 05:45:00,142.0
2015-01-29 06:00:00,238.0
2015-01-29 06:15:00,239.0
2015-01-29 06:25:00,142.0
2015-01-29 06:30:00,""
2015-01-29 07:15:00,237.0
2015-01-29 07:15:00,141.0
2015-01-29 07:15:00,246.0
2015-01-29 07:30:00,265.0
2015-01-29 07:45:00,114.0
2015-01-29 08:30:00,""
2015-01-29 08:45:00,262.0
2015-01-29 09:00:00,236.0
2015-01-29 09:00:00,162.0
2015-01-29 09:30:00,239.0
2015-01-29 10:05:00,92.0
2015-01-29 10:05:00,138.0
2015-01-29 10:15:00,""
2015-01-29 11:00:00,100.0
2015-01-29 11:15:00,162.0
2015-01-29 11:28:00,162.0
2015-01-29 11:30:00,75.0
2015-01-29 12:00:00,145.0
2015-01-29 12:05:00,""
2015-01-29 12:06:00,231.0
2015-01-29 12:45:00,170.0
2015-01-29 13:20:00,107.0
2015-01-29 13:30:00,132.0
2015-01-29 13:30:00,233.0
2015-01-29 13:45:00,162.0
2015-01-29 14:38:00,145.0
2015-01-29 14:55:00,239.0
2015-01-29 15:00:00,75.0
2015-01-29 15:15:00,90.0
2015-01-29 15:50:00,162.0
2015-01-29 15:57:00,43.0
2015-01-29 16:00:00,265.0
2015-01-29 16:30:00,86.0
2015-01-29 16:39:00,75.0
2015-01-29 16:49:00,244.0
2015-01-29 17:15:00,265.0
2015-01-29 17:30:00,234.0
2015-01-29 17:37:00,233.0
2015-01-29 17:40:00,265.0
2015-01-29 17:43:00,237.0
2015-01-29 18:00:00,88.0
2015-01-29 19:00:00,""
2015-01-29 19:02:00,120.0
2015-01-29 19:13:00,161.0
2015-01-29 19:34:00,""
2015-01-29 19:45:00,265.0
2015-01-29 19:55:00,138.0
2015-01-29 20:00:00,""
2015-01-29 20:05:00,138.0
2015-01-29 20:06:00,65.0
2015-01-29 20:10:00,1.0
2015-01-29 20:10:00,229.0
2015-01-29 20:11:00,230.0
2015-01-29 20:20:00,132.0
2015-01-29 20:20:00,234.0
2015-01-29 20:20:00,144.0
2015-01-29 20:20:00,234.0
2015-01-29 20:25:00,""
2015-01-29 20:30:00,75.0
2015-01-29 20:35:00,""
2015-01-29 20:35:00,234.0
2015-01-29 20:41:00,233.0
2015-01-29 20:45:00,231.0
2015-01-29 20:49:00,""
2015-01-29 20:56:00,""
2015-01-29 21:00:00,63.0
2015-01-29 21:00:00,""
2015-01-29 21:00:00,162.0
2015-01-29 21:00:00,""
2015-01-29 21:02:00,""
2015-01-29 21:03:00,65.0
2015-01-29 21:15:00,""
2015-01-29 21:15:00,162.0
2015-01-29 21:25:00,""
2015-01-29 21:27:00,""
2015-01-29 21:27:00,88.0
2015-01-29 21:28:00,87.0
2015-01-29 21:30:00,""
2015-01-29 21:30:00,""
2015-01-29 21:37:00,""
2015-01-29 21:37:00,63.0
2015-01-29 21:53:00,162.0
2015-01-29 22:00:00,""
2015-01-29 22:00:00,265.0
2015-01-29 22:00:00,""
2015-01-29 22:00:00,""
2015-01-29 22:00:00,""
2015-01-29 22:00:00,161.0
2015-01-29 22:00:00,161.0
2015-01-29 22:00:00,161.0
2015-01-29 22:04:00,""
2015-01-29 22:09:00,65.0
2015-01-29 22:12:00,265.0
2015-01-29 22:15:00,186.0
2015-01-29 22:22:00,87.0
2015-01-29 22:38:00,249.0
2015-01-29 22:42:00,265.0
2015-01-29 22:48:00,88.0
2015-01-29 23:14:00,""
2015-01-29 23:45:00,45.0
2015-01-30 00:04:00,249.0
2015-01-30 00:07:00,162.0
2015-01-30 00:18:00,""
2015-01-30 00:20:00,132.0
2015-01-30 00:23:00,162.0
2015-01-30 00:32:00,""
2015-01-30 00:50:00,164.0
2015-01-30 01:00:00,""
2015-01-30 01:00:00,""
2015-01-30 02:14:00,162.0
2015-01-30 03:30:00,177.0
2015-01-30 04:10:00,132.0
2015-01-30 04:30:00,13.0
2015-01-30 04:30:00,170.0
2015-01-30 05:12:00,72.0
2015-01-30 05:30:00,79.0
2015-01-30 05:30:00,""
2015-01-30 05:45:00,121.0
2015-01-30 06:00:00,158.0
2015-01-30 06:10:00,132.0
2015-01-30 06:10:00,220.0
2015-01-30 06:32:00,265.0
2015-01-30 06:45:00,""
2015-01-30 06:45:00,244.0
2015-01-30 07:15:00,141.0
2015-01-30 08:00:00,""
2015-01-30 08:00:00,195.0
2015-01-30 09:45:00,141.0
2015-01-30 10:40:00,237.0
2015-01-30 11:15:00,238.0
2015-01-30 12:15:00,161.0
2015-01-30 12:24:00,230.0
2015-01-30 13:26:00,139.0
2015-01-30 14:00:00,265.0
2015-01-30 14:15:00,""
2015-01-30 14:22:00,""
2015-01-30 15:00:00,162.0
2015-01-30 15:00:00,93.0
2015-01-30 15:00:00,161.0
2015-01-30 15:00:00,161.0
2015-01-30 15:00:00,""
2015-01-30 15:30:00,""
2015-01-30 15:35:00,""
2015-01-30 16:00:00,""
2015-01-30 16:05:00,265.0
2015-01-30 16:15:00,265.0
2015-01-30 16:19:00,145.0
2015-01-30 16:50:00,""
2015-01-30 16:58:00,""
2015-01-30 17:00:00,65.0
2015-01-30 17:15:00,132.0
2015-01-30 17:55:00,161.0
2015-01-30 18:00:00,265.0
2015-01-30 18:01:00,132.0
2015-01-30 18:40:00,132.0
2015-01-30 18:44:00,13.0
2015-01-30 18:45:00,43.0
2015-01-30 19:00:00,""
2015-01-30 19:10:00,138.0
2015-01-30 19:20:00,132.0
2015-01-30 19:30:00,265.0
2015-01-30 20:00:00,""
2015-01-30 20:00:00,69.0
2015-01-30 20:52:00,""
2015-01-30 21:00:00,162.0
2015-01-30 21:00:00,""
2015-01-30 21:00:00,69.0
2015-01-30 21:26:00,""
2015-01-30 21:42:00,""
2015-01-30 21:58:00,65.0
2015-01-30 22:24:00,""
2015-01-30 22:26:00,143.0
2015-01-30 23:14:00,231.0
2015-01-30 23:55:00,162.0
2015-01-30 23:59:00,65.0
2015-01-31 00:28:00,162.0
2015-01-31 01:06:00,261.0
2015-01-31 01:20:00,""
2015-01-31 02:00:00,231.0
2015-01-31 03:27:00,161.0
2015-01-31 05:00:00,""
2015-01-31 06:00:00,""
2015-01-31 07:03:00,265.0
2015-01-31 08:30:00,""
2015-01-31 09:15:00,219.0
2015-01-31 09:45:00,236.0
2015-01-31 10:00:00,249.0
2015-01-31 11:05:00,132.0
2015-01-31 11:05:00,132.0
2015-01-31 11:15:00,""
2015-01-31 11:40:00,132.0
2015-01-31 12:30:00,236.0
2015-01-31 14:30:00,""
2015-01-31 15:45:00,231.0
2015-01-31 16:00:00,132.0
2015-01-31 16:00:00,265.0
2015-01-31 18:00:00,162.0
2015-01-31 18:00:00,""
2015-01-31 18:15:00,236.0
2015-01-31 18:15:00,236.0
2015-01-31 18:30:00,237.0
2015-01-31 18:30:00,237.0
2015-01-31 21:00:00,1.0
2015-01-31 21:20:00,230.0
2015-01-31 21:22:00,""
2015-01-31 21:45:00,50.0
2015-01-31 22:15:00,""
2015-01-31 22:25:00,""
